{
  "applicationNodes": [{% if (hasApplicationNode) %}
    {
      "translationPath": "assets/i18n/",
      "behaviorURI": "{{ applicationNodeName }}.worker.js",
      "presenterURI": "main.js",
      "componentTagName": "{{ applicationTagName }}"
    }
    {% endif %}],
  "programNodes": [{% if (hasProgramNode) %}
    {
      "excludeFromToolbox": false,
      "translationPath": "assets/i18n/",
      "iconURI": "assets/icons/{{ programNodeName }}.svg",
      "behaviorURI": "{{ programNodeName }}.worker.js",
      "presenterURI": "main.js",
      "componentTagName": "{{ programTagName }}"
    }
    {% endif %}],
  "smartSkills": [{% if (hasSmartSkill) %}
    {
      "name": "{{ smartSkillTagName }}",
      "iconURI": "assets/icons/{{ smartSkillName }}.svg",
      "presenterURI": "main.js",
      "componentTagName": "{{ smartSkillTagName }}",
      "behaviorURI": "{{ smartSkillName }}.worker.js",
      "translationPath": "assets/i18n/"
    }
    {% endif %}],
  "sidebarItems": [{% if (hasSidebar) %}
    {
      "name": "{{ sidebarTagName }}",
      "iconURI": "assets/icons/{{ sidebarName }}.svg",
      "presenterURI": "main.js",
      "componentTagName": "{{ sidebarTagName }}",
      "behaviorURI": "{{ sidebarName }}.worker.js",
      "translationPath": "assets/i18n/"
    }
    {% endif %}],
  "operatorScreens": [{% if (hasOperatorScreen) %}
    {
      "translationPath": "assets/i18n/",
      "behaviorURI": "{{ operatorScreenName }}.worker.js",
      "presenterURI": "main.js",
      "componentTagName": "{{ operatorScreenTagName }}"
    }
    {% endif %}]
}
