{
  "versions": {
    "thirdparty": {
      "angular": "19.0.5",
      "angulareslint": "~19.0.2",
      "angularcdk": "19.0.4",
      "eslint": "8.57.0",
      "eslintunusedimports": "3.2.0",
      "ngxbuildplus": "^19.0.0",
      "rxjs": "7.8.1",
      "threads": "1.7.0",
      "typescript": "5.6.3",
      "typescripteslint": "7.18.0",
      "zonejs": "0.15.0"
    },
    "ur": {
      "uiangularcomponents": "3.1.7",
      "contributionapi": "42.2.3",
      "urcaputils": "1.2.1",
      "utilitiesunits": "5.8.0",
      "designtokens": "0.12.1",
      "uimodels": "0.24.1"
    }
  },
  "docker": {
    "sampleproxy": "",
    "developmentimage": "universalrobots/urcap_polyscopex_ros2:3.2.5-humble-dev",
    "runtimeimage": "universalrobots/urcap_polyscopex_ros2:3.2.5-humble-runtime"
  }
}