
{
  "applicationNodes": [{% for item in named_sublists["applicationNodeList"] %}
    {
      "translationPath": "assets/i18n/",
      "behaviorURI": "{{ item.elementNodeName }}.worker.js",
      "presenterURI": "main.js",
      "componentTagName": "{{ item.elementTagName }}"
    }
    {%- if not loop.last %},{% endif -%}
    {% endfor %}
  ],
  "programNodes": [{% for item in named_sublists["programNodeList"] %}
    {
      "excludeFromToolbox": false,
      "translationPath": "assets/i18n/",
      "iconURI": "assets/icons/{{ urcapId }}.svg",
      "behaviorURI": "{{ item.elementNodeName }}.worker.js",
      "presenterURI": "main.js",
      "componentTagName": "{{ item.elementTagName }}"
    }
    {%- if not loop.last %},{% endif -%}
    {% endfor -%}
  ],
  "smartSkills": [{% for item in named_sublists["smartSkillList"] %}
    {
      "name": "{{ item.elementTagName }}",
      "iconURI": "assets/icons/{{ urcapId }}.svg",
      "presenterURI": "main.js",
      "componentTagName": "{{ item.elementTagName }}",
      "behaviorURI": "{{ item.elementNodeName }}.worker.js",
      "translationPath": "assets/i18n/"
    }
    {%- if not loop.last %},{% endif -%}
    {% endfor -%}
  ],
  "sidebarItems": [{% for item in named_sublists["sidebarItemList"] %}
    {
      "name": "{{ item.elementTagName }}",
      "iconURI": "assets/icons/{{ urcapId }}.svg",
      "presenterURI": "main.js",
      "componentTagName": "{{ item.elementTagName }}",
      "behaviorURI": "{{ item.elementNodeName }}.worker.js",
      "translationPath": "assets/i18n/"
    }
    {%- if not loop.last %},{% endif -%}
    {% endfor -%}
  ],
  "operatorScreens": [{% for item in named_sublists["operatorScreenList"] %}
    {
      "translationPath": "assets/i18n/",
      "behaviorURI": "{{ item.elementNodeName }}.worker.js",
      "presenterURI": "main.js",
      "componentTagName": "{{ item.elementTagName }}"
    }
    {%- if not loop.last %},{% endif -%}
    {% endfor -%}
  ]
}
