
{
  "applicationNodes": [
  ],
  "programNodes": [
    {
      "excludeFromToolbox": true,
      "translationPath": "assets/i18n/",
      "iconURI": "assets/icons/smart-skill-teach-mode.svg",
      "behaviorURI": "path-playback-program-node.worker.js",
      "presenterURI": "main.js",
      "componentTagName": "universal-robots-smart-skill-teach-mode-path-playback-program-node"
    }],
  "smartSkills": [
    {
      "name": "universal-robots-smart-skill-teach-mode-record-path-smart-skill",
      "iconURI": "assets/icons/smart-skill-teach-mode.svg",
      "presenterURI": "main.js",
      "componentTagName": "universal-robots-smart-skill-teach-mode-record-path-smart-skill",
      "behaviorURI": "record-path-smart-skill.worker.js",
      "translationPath": "assets/i18n/"
    }],
  "sidebarItems": [],
  "operatorScreens": []
}
