{
  "applicationNodes": [{%- if named_sublists["applicationNodeList"]%} {% for item in named_sublists["applicationNodeList"] %}
    {
      "translationPath": "assets/i18n/",
      "behaviorURI": "{{ item.elementNodeName }}.worker.js",
      "presenterURI": "main.js",
      "componentTagName": "{{ item.elementTagName }}"
    }
    {%- if not loop.last %},{% endif -%}
    {% endfor %}
    {% endif -%}
  ],
  "programNodes": [{%- if named_sublists["programNodeList"]%} {% for item in named_sublists["programNodeList"] %}
    {
      "excludeFromToolbox": false,
      "translationPath": "assets/i18n/",
      "iconURI": "assets/icons/{{ urcapId }}.svg",
      "behaviorURI": "{{ item.elementNodeName }}.worker.js",
      "presenterURI": "main.js",
      "componentTagName": "{{ item.elementTagName }}"
    }
    {%- if not loop.last %},{% endif -%}
    {% endfor -%}
    {% endif -%}
  ],
  "smartSkills": [{%- if named_sublists["smartSkillList"]%} {% for item in named_sublists["smartSkillList"] %}
    {
      "name": "{{ item.elementTagName }}",
      "iconURI": "assets/icons/{{ urcapId }}.svg",
      "presenterURI": "main.js",
      "componentTagName": "{{ item.elementTagName }}",
      "behaviorURI": "{{ item.elementNodeName }}.worker.js",
      "translationPath": "assets/i18n/"
    }
    {%- if not loop.last %},{% endif -%}
    {% endfor -%}
    {% endif -%}
  ],
  "sidebarItems": [{%- if named_sublists["sidebarItemList"]%} {% for item in named_sublists["sidebarItemList"] %}
    {
      "name": "{{ item.elementTagName }}",
      "iconURI": "assets/icons/{{ urcapId }}.svg",
      "presenterURI": "main.js",
      "componentTagName": "{{ item.elementTagName }}",
      "behaviorURI": "{{ item.elementNodeName }}.worker.js",
      "translationPath": "assets/i18n/"
    }
    {%- if not loop.last %},{% endif -%}
    {% endfor -%}
    {% endif -%}
  ],
  "operatorScreens": [{%- if named_sublists["operatorScreenList"]%} {% for item in named_sublists["operatorScreenList"] %}
    {
      "translationPath": "assets/i18n/",
      "behaviorURI": "{{ item.elementNodeName }}.worker.js",
      "presenterURI": "main.js",
      "componentTagName": "{{ item.elementTagName }}"
    }
    {%- if not loop.last %},{% endif -%}
    {% endfor -%}
    {% endif -%}
  ]
}
